
INSERT INTO `PESSOA` (`IDPESSOA`, `NOME`, `ENDERECO`) VALUES (1, 'Ivana Corona', 'Rua Daniel Montenegro, 936. Bloco C');
INSERT INTO `PESSOA` (`IDPESSOA`, `NOME`, `ENDERECO`) VALUES (2, 'Fabiana Ornela Serra Filho', 'Rua Soares, 2450. Apto 1609');
INSERT INTO `PESSOA` (`IDPESSOA`, `NOME`, `ENDERECO`) VALUES (3, 'Felipe Emiliano Cruz', 'Avenida Christian, 058. 247º Andar');
INSERT INTO `PESSOA` (`IDPESSOA`, `NOME`, `ENDERECO`) VALUES (4, 'Carla Carolina Valentin', 'R. Simão Meireles, 590');
INSERT INTO `PESSOA` (`IDPESSOA`, `NOME`, `ENDERECO`) VALUES (5, 'Rodrigo Casanova', 'R. Andrea, 43048');
INSERT INTO `PESSOA` (`IDPESSOA`, `NOME`, `ENDERECO`) VALUES (6, 'Julieta Lutero Fidalgo', 'Rua Natália, 28508. Bc. 6 Ap. 70');
INSERT INTO `PESSOA` (`IDPESSOA`, `NOME`, `ENDERECO`) VALUES (7, 'José Salas', 'Avenida Simão, 9');
INSERT INTO `PESSOA` (`IDPESSOA`, `NOME`, `ENDERECO`) VALUES (8, 'Dante da Silva Sobrinho', 'Rua Gil, 69920. 54º Andar');
INSERT INTO `PESSOA` (`IDPESSOA`, `NOME`, `ENDERECO`) VALUES (9, 'Carla Godói', 'Rua Ortega, 03040');
INSERT INTO `PESSOA` (`IDPESSOA`, `NOME`, `ENDERECO`) VALUES (10, 'Rebeca Bonilha Gil Jr.', 'Avenida Tábata, 337. F');
INSERT INTO `PESSOA` (`IDPESSOA`, `NOME`, `ENDERECO`) VALUES (11, 'Dr. Josué Corona Romero Jr.', 'Av. David Zamana, 7286');
INSERT INTO `PESSOA` (`IDPESSOA`, `NOME`, `ENDERECO`) VALUES (12, 'Laura Rico Leal Sobrinho', 'Rua Christopher Estrada, 789. Anexo');
INSERT INTO `PESSOA` (`IDPESSOA`, `NOME`, `ENDERECO`) VALUES (13, 'Miranda Rico', 'Avenida Amélia, 14762');
INSERT INTO `PESSOA` (`IDPESSOA`, `NOME`, `ENDERECO`) VALUES (14, 'Ziraldo Simon Faria', 'Av. Carmona, 6. Bloco B');
INSERT INTO `PESSOA` (`IDPESSOA`, `NOME`, `ENDERECO`) VALUES (15, 'Manuela Vitória Pacheco Neto', 'Largo Allison, 7858. Apto 247');
INSERT INTO `PESSOA` (`IDPESSOA`, `NOME`, `ENDERECO`) VALUES (16, 'Evandro Christopher Sepúlveda Jr.', 'Travessa Assunção, 2. Bloco B');
INSERT INTO `PESSOA` (`IDPESSOA`, `NOME`, `ENDERECO`) VALUES (17, 'Maitê Delatorre Neto', 'Rua Luis Rios, 81');
INSERT INTO `PESSOA` (`IDPESSOA`, `NOME`, `ENDERECO`) VALUES (18, 'Sra. Carolina Godói Sobrinho', 'R. Camilo, 1735');
INSERT INTO `PESSOA` (`IDPESSOA`, `NOME`, `ENDERECO`) VALUES (19, 'Dr. Camila Oliveira Mendonça', 'Av. Everton Colaço, 50762. Fundos');
INSERT INTO `PESSOA` (`IDPESSOA`, `NOME`, `ENDERECO`) VALUES (20, 'Dr. Eduardo Vasques Neves', 'Avenida David Brito, 0. 3º Andar');
INSERT INTO `PESSOA` (`IDPESSOA`, `NOME`, `ENDERECO`) VALUES (21, 'Horácio Bruno Martines Sobrinho', 'R. Romero, 82. Bc. 5 Ap. 20');
INSERT INTO `PESSOA` (`IDPESSOA`, `NOME`, `ENDERECO`) VALUES (22, 'Luis Dante Ferminiano Filho', 'R. Tábata, 82');
INSERT INTO `PESSOA` (`IDPESSOA`, `NOME`, `ENDERECO`) VALUES (23, 'Francisco Leal Cortês', 'Largo Mariana Barreto, 676');
INSERT INTO `PESSOA` (`IDPESSOA`, `NOME`, `ENDERECO`) VALUES (24, 'Salomé Godói Neto', 'Largo Benjamin, 97. Apto 1');
INSERT INTO `PESSOA` (`IDPESSOA`, `NOME`, `ENDERECO`) VALUES (25, 'Dr. Giovana Sophie de Aguiar Jr.', 'Rua Horácio, 00');
INSERT INTO `PESSOA` (`IDPESSOA`, `NOME`, `ENDERECO`) VALUES (26, 'Alonso Valdez Leon', 'Largo Juliana Correia, 81853. Bloco B');
INSERT INTO `PESSOA` (`IDPESSOA`, `NOME`, `ENDERECO`) VALUES (27, 'Christopher Gusmão', 'Avenida de Souza, 5547. Apto 12');
INSERT INTO `PESSOA` (`IDPESSOA`, `NOME`, `ENDERECO`) VALUES (28, 'Sra. Amélia Queirós', 'Av. Gomes, 37');
INSERT INTO `PESSOA` (`IDPESSOA`, `NOME`, `ENDERECO`) VALUES (29, 'Manuela Oliveira Sobrinho', 'Largo José Abreu, 868');
INSERT INTO `PESSOA` (`IDPESSOA`, `NOME`, `ENDERECO`) VALUES (30, 'Manuel Reis Sobrinho', 'R. Kevin, 10');
INSERT INTO `PESSOA` (`IDPESSOA`, `NOME`, `ENDERECO`) VALUES (31, 'Cristóvão Natal Ávila', 'R. Mia Dominato, 55');
INSERT INTO `PESSOA` (`IDPESSOA`, `NOME`, `ENDERECO`) VALUES (32, 'Fátima Mascarenhas Filho', 'R. Irene, 029. Anexo');
INSERT INTO `PESSOA` (`IDPESSOA`, `NOME`, `ENDERECO`) VALUES (33, 'Nicole Urias Filho', 'Avenida Escobar, 60. 596º Andar');
INSERT INTO `PESSOA` (`IDPESSOA`, `NOME`, `ENDERECO`) VALUES (34, 'Irene Verdugo Delgado Jr.', 'Largo Hortência Serra, 90. 365º Andar');
INSERT INTO `PESSOA` (`IDPESSOA`, `NOME`, `ENDERECO`) VALUES (35, 'Josué Aaron Delvalle Sobrinho', 'Largo José, 290');
INSERT INTO `PESSOA` (`IDPESSOA`, `NOME`, `ENDERECO`) VALUES (36, 'Dr. Carolina Molina Filho', 'Avenida Fátima das Dores, 25251. F');
INSERT INTO `PESSOA` (`IDPESSOA`, `NOME`, `ENDERECO`) VALUES (37, 'Adriana Luciana Azevedo Jr.', 'Rua Teles, 9833');
INSERT INTO `PESSOA` (`IDPESSOA`, `NOME`, `ENDERECO`) VALUES (38, 'Sra. Madalena Constância Delgado', 'R. Pedro, 4504. Bloco A');
INSERT INTO `PESSOA` (`IDPESSOA`, `NOME`, `ENDERECO`) VALUES (39, 'Sr. Anderson Jácomo Dias Filho', 'Rua Luciano, 8882');
INSERT INTO `PESSOA` (`IDPESSOA`, `NOME`, `ENDERECO`) VALUES (40, 'Sr. Adriano Pena Filho', 'Avenida Cristóvão Valência, 02673. F');
INSERT INTO `PESSOA` (`IDPESSOA`, `NOME`, `ENDERECO`) VALUES (41, 'Joana Fernandes Campos', 'Avenida Christian Rodrigues, 0');
INSERT INTO `PESSOA` (`IDPESSOA`, `NOME`, `ENDERECO`) VALUES (42, 'Juliana Delgado Pena', 'Rua Rafaela, 49885. Apto 1791');
INSERT INTO `PESSOA` (`IDPESSOA`, `NOME`, `ENDERECO`) VALUES (43, 'Gabriela Fonseca Jr.', 'Av. Simão, 2. Apto 6817');
INSERT INTO `PESSOA` (`IDPESSOA`, `NOME`, `ENDERECO`) VALUES (44, 'Silvana Rivera Aguiar Sobrinho', 'R. Everton Rios, 8994');
INSERT INTO `PESSOA` (`IDPESSOA`, `NOME`, `ENDERECO`) VALUES (45, 'Fátima Meireles', 'R. Mateus Lutero, 8');
INSERT INTO `PESSOA` (`IDPESSOA`, `NOME`, `ENDERECO`) VALUES (46, 'Sra. Luciana Violeta Rosa', 'Avenida Soares, 9');
INSERT INTO `PESSOA` (`IDPESSOA`, `NOME`, `ENDERECO`) VALUES (47, 'Noelí Barreto', 'Avenida Silvana Ferreira, 70');
INSERT INTO `PESSOA` (`IDPESSOA`, `NOME`, `ENDERECO`) VALUES (48, 'Sr. José Jerônimo Lozano Jr.', 'Largo Pena, 8');
INSERT INTO `PESSOA` (`IDPESSOA`, `NOME`, `ENDERECO`) VALUES (49, 'Sebastião Chaves', 'Rua Galvão, 71304');
INSERT INTO `PESSOA` (`IDPESSOA`, `NOME`, `ENDERECO`) VALUES (50, 'Dr. Emanuel Giovane Mascarenhas', 'Av. Luana, 7. Apto 256');

INSERT INTO `CLIENTE` (`IDCLIENTE`, `IDPESSOA`) VALUES (1, 44);
INSERT INTO `CLIENTE` (`IDCLIENTE`, `IDPESSOA`) VALUES (2, 19);
INSERT INTO `CLIENTE` (`IDCLIENTE`, `IDPESSOA`) VALUES (3, 28);
INSERT INTO `CLIENTE` (`IDCLIENTE`, `IDPESSOA`) VALUES (4, 38);
INSERT INTO `CLIENTE` (`IDCLIENTE`, `IDPESSOA`) VALUES (5, 47);
INSERT INTO `CLIENTE` (`IDCLIENTE`, `IDPESSOA`) VALUES (6, 24);
INSERT INTO `CLIENTE` (`IDCLIENTE`, `IDPESSOA`) VALUES (7, 32);
INSERT INTO `CLIENTE` (`IDCLIENTE`, `IDPESSOA`) VALUES (8, 17);
INSERT INTO `CLIENTE` (`IDCLIENTE`, `IDPESSOA`) VALUES (9, 46);
INSERT INTO `CLIENTE` (`IDCLIENTE`, `IDPESSOA`) VALUES (10, 43);
INSERT INTO `CLIENTE` (`IDCLIENTE`, `IDPESSOA`) VALUES (11, 49);
INSERT INTO `CLIENTE` (`IDCLIENTE`, `IDPESSOA`) VALUES (12, 48);
INSERT INTO `CLIENTE` (`IDCLIENTE`, `IDPESSOA`) VALUES (13, 12);
INSERT INTO `CLIENTE` (`IDCLIENTE`, `IDPESSOA`) VALUES (14, 15);
INSERT INTO `CLIENTE` (`IDCLIENTE`, `IDPESSOA`) VALUES (15, 29);
INSERT INTO `CLIENTE` (`IDCLIENTE`, `IDPESSOA`) VALUES (16, 23);
INSERT INTO `CLIENTE` (`IDCLIENTE`, `IDPESSOA`) VALUES (17, 12);
INSERT INTO `CLIENTE` (`IDCLIENTE`, `IDPESSOA`) VALUES (18, 45);
INSERT INTO `CLIENTE` (`IDCLIENTE`, `IDPESSOA`) VALUES (19, 40);
INSERT INTO `CLIENTE` (`IDCLIENTE`, `IDPESSOA`) VALUES (20, 8);
INSERT INTO `CLIENTE` (`IDCLIENTE`, `IDPESSOA`) VALUES (21, 42);
INSERT INTO `CLIENTE` (`IDCLIENTE`, `IDPESSOA`) VALUES (22, 22);
INSERT INTO `CLIENTE` (`IDCLIENTE`, `IDPESSOA`) VALUES (23, 15);
INSERT INTO `CLIENTE` (`IDCLIENTE`, `IDPESSOA`) VALUES (24, 41);
INSERT INTO `CLIENTE` (`IDCLIENTE`, `IDPESSOA`) VALUES (25, 50);

INSERT INTO `EQUIPE` (`IDEQUIPE`, `NOME`) VALUES (1, 'Vila e Valentin');
INSERT INTO `EQUIPE` (`IDEQUIPE`, `NOME`) VALUES (2, 'Pontes, Zamana e Chaves');
INSERT INTO `EQUIPE` (`IDEQUIPE`, `NOME`) VALUES (3, 'Fontes de Colaço');
INSERT INTO `EQUIPE` (`IDEQUIPE`, `NOME`) VALUES (4, 'Casanova-Fidalgo');
INSERT INTO `EQUIPE` (`IDEQUIPE`, `NOME`) VALUES (5, 'Corona-Torres');

INSERT INTO `MECANICOS` (`IDMECANICO`, `ESPECIALIDADE`, `IDPESSOA`, `IDEQUIPE`) VALUES (1, '\"Moto\"', 12, 3);
INSERT INTO `MECANICOS` (`IDMECANICO`, `ESPECIALIDADE`, `IDPESSOA`, `IDEQUIPE`) VALUES (2, '\"Moto\"', 7, 3);
INSERT INTO `MECANICOS` (`IDMECANICO`, `ESPECIALIDADE`, `IDPESSOA`, `IDEQUIPE`) VALUES (3, '\"Moto\"', 43, 4);
INSERT INTO `MECANICOS` (`IDMECANICO`, `ESPECIALIDADE`, `IDPESSOA`, `IDEQUIPE`) VALUES (4, ' \"Motor de fusca\"', 13, 5);
INSERT INTO `MECANICOS` (`IDMECANICO`, `ESPECIALIDADE`, `IDPESSOA`, `IDEQUIPE`) VALUES (5, ' \"Carro\"', 20, 2);
INSERT INTO `MECANICOS` (`IDMECANICO`, `ESPECIALIDADE`, `IDPESSOA`, `IDEQUIPE`) VALUES (6, ' \"Motor de fusca\"', 30, 1);
INSERT INTO `MECANICOS` (`IDMECANICO`, `ESPECIALIDADE`, `IDPESSOA`, `IDEQUIPE`) VALUES (7, ' \"Motor de fusca\"', 23, 1);
INSERT INTO `MECANICOS` (`IDMECANICO`, `ESPECIALIDADE`, `IDPESSOA`, `IDEQUIPE`) VALUES (8, '\"Moto\"', 10, 5);
INSERT INTO `MECANICOS` (`IDMECANICO`, `ESPECIALIDADE`, `IDPESSOA`, `IDEQUIPE`) VALUES (9, '\"Moto\"', 50, 2);
INSERT INTO `MECANICOS` (`IDMECANICO`, `ESPECIALIDADE`, `IDPESSOA`, `IDEQUIPE`) VALUES (10, '\"Moto\"', 28, 3);


INSERT INTO `VEICULOS` (`IDVEICULO`, `MODELO`, `ANO`, `PLACA`, `IDCLIENTE`) VALUES (1, 'officia', 2021, 'cji 4492', 8);
INSERT INTO `VEICULOS` (`IDVEICULO`, `MODELO`, `ANO`, `PLACA`, `IDCLIENTE`) VALUES (2, 'nesciunt', 2007, 'tqn 7916', 18);
INSERT INTO `VEICULOS` (`IDVEICULO`, `MODELO`, `ANO`, `PLACA`, `IDCLIENTE`) VALUES (3, 'ullam', 2012, 'lki 5426', 13);
INSERT INTO `VEICULOS` (`IDVEICULO`, `MODELO`, `ANO`, `PLACA`, `IDCLIENTE`) VALUES (4, 'earum', 1990, 'igr 0451', 16);
INSERT INTO `VEICULOS` (`IDVEICULO`, `MODELO`, `ANO`, `PLACA`, `IDCLIENTE`) VALUES (5, 'et', 2019, 'cgr 6717', 8);
INSERT INTO `VEICULOS` (`IDVEICULO`, `MODELO`, `ANO`, `PLACA`, `IDCLIENTE`) VALUES (6, 'voluptas', 1989, 'hyk 3180', 21);
INSERT INTO `VEICULOS` (`IDVEICULO`, `MODELO`, `ANO`, `PLACA`, `IDCLIENTE`) VALUES (7, 'ut', 1989, 'jxt 5288', 23);
INSERT INTO `VEICULOS` (`IDVEICULO`, `MODELO`, `ANO`, `PLACA`, `IDCLIENTE`) VALUES (8, 'qui', 1973, 'ggl 0855', 16);
INSERT INTO `VEICULOS` (`IDVEICULO`, `MODELO`, `ANO`, `PLACA`, `IDCLIENTE`) VALUES (9, 'et', 2011, 'gms 8570', 19);
INSERT INTO `VEICULOS` (`IDVEICULO`, `MODELO`, `ANO`, `PLACA`, `IDCLIENTE`) VALUES (10, 'ipsam', 2021, 'jkn 6288', 13);
INSERT INTO `VEICULOS` (`IDVEICULO`, `MODELO`, `ANO`, `PLACA`, `IDCLIENTE`) VALUES (11, 'omnis', 2010, 'jpb 0769', 13);
INSERT INTO `VEICULOS` (`IDVEICULO`, `MODELO`, `ANO`, `PLACA`, `IDCLIENTE`) VALUES (12, 'voluptatum', 1978, 'qru 5237', 10);
INSERT INTO `VEICULOS` (`IDVEICULO`, `MODELO`, `ANO`, `PLACA`, `IDCLIENTE`) VALUES (13, 'laboriosam', 1993, 'nxr 2095', 15);
INSERT INTO `VEICULOS` (`IDVEICULO`, `MODELO`, `ANO`, `PLACA`, `IDCLIENTE`) VALUES (14, 'culpa', 2014, 'cdy 2931', 16);
INSERT INTO `VEICULOS` (`IDVEICULO`, `MODELO`, `ANO`, `PLACA`, `IDCLIENTE`) VALUES (15, 'minus', 1982, 'njh 5914', 1);
INSERT INTO `VEICULOS` (`IDVEICULO`, `MODELO`, `ANO`, `PLACA`, `IDCLIENTE`) VALUES (16, 'et', 2005, 'sfc 6029', 2);
INSERT INTO `VEICULOS` (`IDVEICULO`, `MODELO`, `ANO`, `PLACA`, `IDCLIENTE`) VALUES (17, 'ut', 2016, 'cko 4440', 16);
INSERT INTO `VEICULOS` (`IDVEICULO`, `MODELO`, `ANO`, `PLACA`, `IDCLIENTE`) VALUES (18, 'eum', 1984, 'ytx 8396', 4);
INSERT INTO `VEICULOS` (`IDVEICULO`, `MODELO`, `ANO`, `PLACA`, `IDCLIENTE`) VALUES (19, 'consequatur', 1988, 'xwa 9627', 24);
INSERT INTO `VEICULOS` (`IDVEICULO`, `MODELO`, `ANO`, `PLACA`, `IDCLIENTE`) VALUES (20, 'odit', 2020, 'ljy 0978', 17);
INSERT INTO `VEICULOS` (`IDVEICULO`, `MODELO`, `ANO`, `PLACA`, `IDCLIENTE`) VALUES (21, 'nihil', 2019, 'obo 4690', 20);
INSERT INTO `VEICULOS` (`IDVEICULO`, `MODELO`, `ANO`, `PLACA`, `IDCLIENTE`) VALUES (22, 'rerum', 1976, 'gcp 5116', 25);
INSERT INTO `VEICULOS` (`IDVEICULO`, `MODELO`, `ANO`, `PLACA`, `IDCLIENTE`) VALUES (23, 'totam', 2006, 'rmm 6737', 24);
INSERT INTO `VEICULOS` (`IDVEICULO`, `MODELO`, `ANO`, `PLACA`, `IDCLIENTE`) VALUES (24, 'id', 1972, 'qdl 7033', 17);
INSERT INTO `VEICULOS` (`IDVEICULO`, `MODELO`, `ANO`, `PLACA`, `IDCLIENTE`) VALUES (25, 'et', 1995, 'icc 1601', 23);
INSERT INTO `VEICULOS` (`IDVEICULO`, `MODELO`, `ANO`, `PLACA`, `IDCLIENTE`) VALUES (26, 'veritatis', 2013, 'ful 5777', 10);
INSERT INTO `VEICULOS` (`IDVEICULO`, `MODELO`, `ANO`, `PLACA`, `IDCLIENTE`) VALUES (27, 'doloremque', 1976, 'zlk 9281', 3);
INSERT INTO `VEICULOS` (`IDVEICULO`, `MODELO`, `ANO`, `PLACA`, `IDCLIENTE`) VALUES (28, 'tenetur', 1982, 'jdi 6511', 25);
INSERT INTO `VEICULOS` (`IDVEICULO`, `MODELO`, `ANO`, `PLACA`, `IDCLIENTE`) VALUES (29, 'quia', 2000, 'sou 2966', 12);
INSERT INTO `VEICULOS` (`IDVEICULO`, `MODELO`, `ANO`, `PLACA`, `IDCLIENTE`) VALUES (30, 'eum', 2021, 'fmj 9680', 5);

INSERT INTO `ORDEMSERVICO` (`NROOS`, `IDVEICULO`, `IDEQUIPE`, `DTEMISSAO`, `STATUS`, `VALOR`, `DTCONCLUSAO`) VALUES (1, 13, 4, '1998-07-06', 'N', '717.08', '2009-08-16');
INSERT INTO `ORDEMSERVICO` (`NROOS`, `IDVEICULO`, `IDEQUIPE`, `DTEMISSAO`, `STATUS`, `VALOR`, `DTCONCLUSAO`) VALUES (2, 21, 5, '2014-01-30', 'N', '346.92', '1992-04-26');
INSERT INTO `ORDEMSERVICO` (`NROOS`, `IDVEICULO`, `IDEQUIPE`, `DTEMISSAO`, `STATUS`, `VALOR`, `DTCONCLUSAO`) VALUES (3, 22, 5, '2016-04-27', 'C', '945.93', '2009-09-03');
INSERT INTO `ORDEMSERVICO` (`NROOS`, `IDVEICULO`, `IDEQUIPE`, `DTEMISSAO`, `STATUS`, `VALOR`, `DTCONCLUSAO`) VALUES (4, 9, 3, '1992-01-17', 'N', '923.37', '1986-06-27');
INSERT INTO `ORDEMSERVICO` (`NROOS`, `IDVEICULO`, `IDEQUIPE`, `DTEMISSAO`, `STATUS`, `VALOR`, `DTCONCLUSAO`) VALUES (5, 10, 5, '2002-01-08', 'N', '416.55', '1987-06-16');
INSERT INTO `ORDEMSERVICO` (`NROOS`, `IDVEICULO`, `IDEQUIPE`, `DTEMISSAO`, `STATUS`, `VALOR`, `DTCONCLUSAO`) VALUES (6, 28, 4, '1971-07-10', 'I', '426.18', '1982-10-21');
INSERT INTO `ORDEMSERVICO` (`NROOS`, `IDVEICULO`, `IDEQUIPE`, `DTEMISSAO`, `STATUS`, `VALOR`, `DTCONCLUSAO`) VALUES (7, 27, 1, '2024-06-05', 'N', '845.43', '2018-11-15');
INSERT INTO `ORDEMSERVICO` (`NROOS`, `IDVEICULO`, `IDEQUIPE`, `DTEMISSAO`, `STATUS`, `VALOR`, `DTCONCLUSAO`) VALUES (8, 1, 2, '1971-05-30', 'I', '683.42', '2005-12-11');
INSERT INTO `ORDEMSERVICO` (`NROOS`, `IDVEICULO`, `IDEQUIPE`, `DTEMISSAO`, `STATUS`, `VALOR`, `DTCONCLUSAO`) VALUES (9, 10, 4, '2011-01-06', 'I', '986.67', '1981-05-19');
INSERT INTO `ORDEMSERVICO` (`NROOS`, `IDVEICULO`, `IDEQUIPE`, `DTEMISSAO`, `STATUS`, `VALOR`, `DTCONCLUSAO`) VALUES (10, 15, 5, '2011-01-25', 'I', '614.23', '1974-06-19');
INSERT INTO `ORDEMSERVICO` (`NROOS`, `IDVEICULO`, `IDEQUIPE`, `DTEMISSAO`, `STATUS`, `VALOR`, `DTCONCLUSAO`) VALUES (11, 9, 3, '2021-05-16', 'C', '289.68', '2023-12-13');
INSERT INTO `ORDEMSERVICO` (`NROOS`, `IDVEICULO`, `IDEQUIPE`, `DTEMISSAO`, `STATUS`, `VALOR`, `DTCONCLUSAO`) VALUES (12, 12, 5, '2020-12-20', 'I', '487.5', '1996-04-22');
INSERT INTO `ORDEMSERVICO` (`NROOS`, `IDVEICULO`, `IDEQUIPE`, `DTEMISSAO`, `STATUS`, `VALOR`, `DTCONCLUSAO`) VALUES (13, 7, 1, '2011-03-04', 'C', '181.41', '1978-02-23');
INSERT INTO `ORDEMSERVICO` (`NROOS`, `IDVEICULO`, `IDEQUIPE`, `DTEMISSAO`, `STATUS`, `VALOR`, `DTCONCLUSAO`) VALUES (14, 18, 3, '1994-06-08', 'N', '154.1', '1999-11-18');
INSERT INTO `ORDEMSERVICO` (`NROOS`, `IDVEICULO`, `IDEQUIPE`, `DTEMISSAO`, `STATUS`, `VALOR`, `DTCONCLUSAO`) VALUES (15, 15, 5, '2012-04-17', 'I', '861.41', '1984-10-04');
INSERT INTO `ORDEMSERVICO` (`NROOS`, `IDVEICULO`, `IDEQUIPE`, `DTEMISSAO`, `STATUS`, `VALOR`, `DTCONCLUSAO`) VALUES (16, 27, 4, '2013-08-20', 'N', '939.67', '1981-06-30');
INSERT INTO `ORDEMSERVICO` (`NROOS`, `IDVEICULO`, `IDEQUIPE`, `DTEMISSAO`, `STATUS`, `VALOR`, `DTCONCLUSAO`) VALUES (17, 8, 3, '1979-03-23', 'C', '759.58', '1984-11-15');
INSERT INTO `ORDEMSERVICO` (`NROOS`, `IDVEICULO`, `IDEQUIPE`, `DTEMISSAO`, `STATUS`, `VALOR`, `DTCONCLUSAO`) VALUES (18, 14, 2, '2016-09-12', 'I', '227.1', '1981-01-12');
INSERT INTO `ORDEMSERVICO` (`NROOS`, `IDVEICULO`, `IDEQUIPE`, `DTEMISSAO`, `STATUS`, `VALOR`, `DTCONCLUSAO`) VALUES (19, 16, 1, '1977-05-08', 'I', '951.29', '1998-08-18');
INSERT INTO `ORDEMSERVICO` (`NROOS`, `IDVEICULO`, `IDEQUIPE`, `DTEMISSAO`, `STATUS`, `VALOR`, `DTCONCLUSAO`) VALUES (20, 18, 1, '1973-10-11', 'N', '525.26', '1971-04-20');
INSERT INTO `ORDEMSERVICO` (`NROOS`, `IDVEICULO`, `IDEQUIPE`, `DTEMISSAO`, `STATUS`, `VALOR`, `DTCONCLUSAO`) VALUES (21, 9, 5, '2011-10-22', 'N', '311.62', '1988-01-29');
INSERT INTO `ORDEMSERVICO` (`NROOS`, `IDVEICULO`, `IDEQUIPE`, `DTEMISSAO`, `STATUS`, `VALOR`, `DTCONCLUSAO`) VALUES (22, 8, 5, '2018-12-16', 'N', '32.3', '1990-04-10');
INSERT INTO `ORDEMSERVICO` (`NROOS`, `IDVEICULO`, `IDEQUIPE`, `DTEMISSAO`, `STATUS`, `VALOR`, `DTCONCLUSAO`) VALUES (23, 14, 2, '2002-08-16', 'C', '892.64', '1991-08-01');
INSERT INTO `ORDEMSERVICO` (`NROOS`, `IDVEICULO`, `IDEQUIPE`, `DTEMISSAO`, `STATUS`, `VALOR`, `DTCONCLUSAO`) VALUES (24, 3, 5, '1974-02-06', 'I', '221.2', '1980-01-13');
INSERT INTO `ORDEMSERVICO` (`NROOS`, `IDVEICULO`, `IDEQUIPE`, `DTEMISSAO`, `STATUS`, `VALOR`, `DTCONCLUSAO`) VALUES (25, 27, 4, '1999-12-04', 'N', '853.31', '2008-01-15');
INSERT INTO `ORDEMSERVICO` (`NROOS`, `IDVEICULO`, `IDEQUIPE`, `DTEMISSAO`, `STATUS`, `VALOR`, `DTCONCLUSAO`) VALUES (26, 30, 3, '1992-10-01', 'N', '280.02', '2003-07-28');
INSERT INTO `ORDEMSERVICO` (`NROOS`, `IDVEICULO`, `IDEQUIPE`, `DTEMISSAO`, `STATUS`, `VALOR`, `DTCONCLUSAO`) VALUES (27, 5, 2, '1997-11-29', 'I', '313.59', '2017-05-30');
INSERT INTO `ORDEMSERVICO` (`NROOS`, `IDVEICULO`, `IDEQUIPE`, `DTEMISSAO`, `STATUS`, `VALOR`, `DTCONCLUSAO`) VALUES (28, 4, 4, '2014-03-10', 'N', '350.03', '2020-01-14');
INSERT INTO `ORDEMSERVICO` (`NROOS`, `IDVEICULO`, `IDEQUIPE`, `DTEMISSAO`, `STATUS`, `VALOR`, `DTCONCLUSAO`) VALUES (29, 10, 4, '1993-08-25', 'N', '598.09', '1987-10-18');
INSERT INTO `ORDEMSERVICO` (`NROOS`, `IDVEICULO`, `IDEQUIPE`, `DTEMISSAO`, `STATUS`, `VALOR`, `DTCONCLUSAO`) VALUES (30, 22, 3, '2001-01-05', 'N', '800.01', '1979-08-27');

INSERT INTO `MAODEOBRA` (`idMO`, `NOME`, `VALOR`) VALUES (1, 'impedit', '876.62');
INSERT INTO `MAODEOBRA` (`idMO`, `NOME`, `VALOR`) VALUES (2, 'qui', '361.66');
INSERT INTO `MAODEOBRA` (`idMO`, `NOME`, `VALOR`) VALUES (3, 'voluptate', '435.48');
INSERT INTO `MAODEOBRA` (`idMO`, `NOME`, `VALOR`) VALUES (4, 'ab', '143.82');
INSERT INTO `MAODEOBRA` (`idMO`, `NOME`, `VALOR`) VALUES (5, 'sequi', '381.81');
INSERT INTO `MAODEOBRA` (`idMO`, `NOME`, `VALOR`) VALUES (6, 'quasi', '369.28');
INSERT INTO `MAODEOBRA` (`idMO`, `NOME`, `VALOR`) VALUES (7, 'qui', '735.54');
INSERT INTO `MAODEOBRA` (`idMO`, `NOME`, `VALOR`) VALUES (8, 'quasi', '210.81');
INSERT INTO `MAODEOBRA` (`idMO`, `NOME`, `VALOR`) VALUES (9, 'et', '273.82');
INSERT INTO `MAODEOBRA` (`idMO`, `NOME`, `VALOR`) VALUES (10, 'accusantium', '216.75');
INSERT INTO `MAODEOBRA` (`idMO`, `NOME`, `VALOR`) VALUES (11, 'enim', '777.36');
INSERT INTO `MAODEOBRA` (`idMO`, `NOME`, `VALOR`) VALUES (12, 'et', '496.6');
INSERT INTO `MAODEOBRA` (`idMO`, `NOME`, `VALOR`) VALUES (13, 'facere', '874.91');
INSERT INTO `MAODEOBRA` (`idMO`, `NOME`, `VALOR`) VALUES (14, 'nobis', '275.4');
INSERT INTO `MAODEOBRA` (`idMO`, `NOME`, `VALOR`) VALUES (15, 'et', '855.32');
INSERT INTO `MAODEOBRA` (`idMO`, `NOME`, `VALOR`) VALUES (16, 'et', '113.27');
INSERT INTO `MAODEOBRA` (`idMO`, `NOME`, `VALOR`) VALUES (17, 'dolorem', '802.92');
INSERT INTO `MAODEOBRA` (`idMO`, `NOME`, `VALOR`) VALUES (18, 'nam', '848.03');
INSERT INTO `MAODEOBRA` (`idMO`, `NOME`, `VALOR`) VALUES (19, 'cum', '309.53');
INSERT INTO `MAODEOBRA` (`idMO`, `NOME`, `VALOR`) VALUES (20, 'praesentium', '437.06');

INSERT INTO `MATERIAIS` (`IDMATERIAL`, `NOME`, `VALOR`) VALUES (1, 'aut', '696.56');
INSERT INTO `MATERIAIS` (`IDMATERIAL`, `NOME`, `VALOR`) VALUES (2, 'quasi', '448.34');
INSERT INTO `MATERIAIS` (`IDMATERIAL`, `NOME`, `VALOR`) VALUES (3, 'et', '358.84');
INSERT INTO `MATERIAIS` (`IDMATERIAL`, `NOME`, `VALOR`) VALUES (4, 'impedit', '93.98');
INSERT INTO `MATERIAIS` (`IDMATERIAL`, `NOME`, `VALOR`) VALUES (5, 'similique', '337.21');
INSERT INTO `MATERIAIS` (`IDMATERIAL`, `NOME`, `VALOR`) VALUES (6, 'illo', '253.89');
INSERT INTO `MATERIAIS` (`IDMATERIAL`, `NOME`, `VALOR`) VALUES (7, 'et', '713.63');
INSERT INTO `MATERIAIS` (`IDMATERIAL`, `NOME`, `VALOR`) VALUES (8, 'modi', '380.44');
INSERT INTO `MATERIAIS` (`IDMATERIAL`, `NOME`, `VALOR`) VALUES (9, 'iste', '512.4');
INSERT INTO `MATERIAIS` (`IDMATERIAL`, `NOME`, `VALOR`) VALUES (10, 'vitae', '750.44');
INSERT INTO `MATERIAIS` (`IDMATERIAL`, `NOME`, `VALOR`) VALUES (11, 'et', '52.39');
INSERT INTO `MATERIAIS` (`IDMATERIAL`, `NOME`, `VALOR`) VALUES (12, 'nesciunt', '299.56');
INSERT INTO `MATERIAIS` (`IDMATERIAL`, `NOME`, `VALOR`) VALUES (13, 'quae', '596.13');
INSERT INTO `MATERIAIS` (`IDMATERIAL`, `NOME`, `VALOR`) VALUES (14, 'provident', '793.68');
INSERT INTO `MATERIAIS` (`IDMATERIAL`, `NOME`, `VALOR`) VALUES (15, 'odio', '236.22');
INSERT INTO `MATERIAIS` (`IDMATERIAL`, `NOME`, `VALOR`) VALUES (16, 'quidem', '364.08');
INSERT INTO `MATERIAIS` (`IDMATERIAL`, `NOME`, `VALOR`) VALUES (17, 'officiis', '703.78');
INSERT INTO `MATERIAIS` (`IDMATERIAL`, `NOME`, `VALOR`) VALUES (18, 'aut', '582.84');
INSERT INTO `MATERIAIS` (`IDMATERIAL`, `NOME`, `VALOR`) VALUES (19, 'neque', '837.74');
INSERT INTO `MATERIAIS` (`IDMATERIAL`, `NOME`, `VALOR`) VALUES (20, 'officiis', '329.91');
INSERT INTO `MATERIAIS` (`IDMATERIAL`, `NOME`, `VALOR`) VALUES (21, 'omnis', '34.86');
INSERT INTO `MATERIAIS` (`IDMATERIAL`, `NOME`, `VALOR`) VALUES (22, 'nihil', '671.42');
INSERT INTO `MATERIAIS` (`IDMATERIAL`, `NOME`, `VALOR`) VALUES (23, 'quisquam', '864.36');
INSERT INTO `MATERIAIS` (`IDMATERIAL`, `NOME`, `VALOR`) VALUES (24, 'fugit', '492.51');
INSERT INTO `MATERIAIS` (`IDMATERIAL`, `NOME`, `VALOR`) VALUES (25, 'nulla', '316.65');
INSERT INTO `MATERIAIS` (`IDMATERIAL`, `NOME`, `VALOR`) VALUES (26, 'eaque', '95.61');
INSERT INTO `MATERIAIS` (`IDMATERIAL`, `NOME`, `VALOR`) VALUES (27, 'quia', '341.88');
INSERT INTO `MATERIAIS` (`IDMATERIAL`, `NOME`, `VALOR`) VALUES (28, 'voluptatem', '214.64');
INSERT INTO `MATERIAIS` (`IDMATERIAL`, `NOME`, `VALOR`) VALUES (29, 'in', '698.34');
INSERT INTO `MATERIAIS` (`IDMATERIAL`, `NOME`, `VALOR`) VALUES (30, 'et', '370.65');
INSERT INTO `MATERIAIS` (`IDMATERIAL`, `NOME`, `VALOR`) VALUES (31, 'a', '748.14');
INSERT INTO `MATERIAIS` (`IDMATERIAL`, `NOME`, `VALOR`) VALUES (32, 'vel', '449.33');
INSERT INTO `MATERIAIS` (`IDMATERIAL`, `NOME`, `VALOR`) VALUES (33, 'aut', '860.39');
INSERT INTO `MATERIAIS` (`IDMATERIAL`, `NOME`, `VALOR`) VALUES (34, 'ex', '681.51');
INSERT INTO `MATERIAIS` (`IDMATERIAL`, `NOME`, `VALOR`) VALUES (35, 'dolore', '385.52');
INSERT INTO `MATERIAIS` (`IDMATERIAL`, `NOME`, `VALOR`) VALUES (36, 'voluptas', '486.27');
INSERT INTO `MATERIAIS` (`IDMATERIAL`, `NOME`, `VALOR`) VALUES (37, 'et', '870.09');
INSERT INTO `MATERIAIS` (`IDMATERIAL`, `NOME`, `VALOR`) VALUES (38, 'voluptatibus', '714.2');
INSERT INTO `MATERIAIS` (`IDMATERIAL`, `NOME`, `VALOR`) VALUES (39, 'voluptate', '497.85');
INSERT INTO `MATERIAIS` (`IDMATERIAL`, `NOME`, `VALOR`) VALUES (40, 'cumque', '795.4');
INSERT INTO `MATERIAIS` (`IDMATERIAL`, `NOME`, `VALOR`) VALUES (41, 'modi', '920.74');
INSERT INTO `MATERIAIS` (`IDMATERIAL`, `NOME`, `VALOR`) VALUES (42, 'dolorem', '632.44');
INSERT INTO `MATERIAIS` (`IDMATERIAL`, `NOME`, `VALOR`) VALUES (43, 'corporis', '697.16');
INSERT INTO `MATERIAIS` (`IDMATERIAL`, `NOME`, `VALOR`) VALUES (44, 'ut', '613.17');
INSERT INTO `MATERIAIS` (`IDMATERIAL`, `NOME`, `VALOR`) VALUES (45, 'ut', '387.89');
INSERT INTO `MATERIAIS` (`IDMATERIAL`, `NOME`, `VALOR`) VALUES (46, 'ipsa', '53.95');
INSERT INTO `MATERIAIS` (`IDMATERIAL`, `NOME`, `VALOR`) VALUES (47, 'corrupti', '67.12');
INSERT INTO `MATERIAIS` (`IDMATERIAL`, `NOME`, `VALOR`) VALUES (48, 'suscipit', '254.89');
INSERT INTO `MATERIAIS` (`IDMATERIAL`, `NOME`, `VALOR`) VALUES (49, 'iste', '993.94');
INSERT INTO `MATERIAIS` (`IDMATERIAL`, `NOME`, `VALOR`) VALUES (50, 'aliquid', '116.68');
INSERT INTO `MATERIAIS` (`IDMATERIAL`, `NOME`, `VALOR`) VALUES (51, 'debitis', '402.67');
INSERT INTO `MATERIAIS` (`IDMATERIAL`, `NOME`, `VALOR`) VALUES (52, 'optio', '82.94');
INSERT INTO `MATERIAIS` (`IDMATERIAL`, `NOME`, `VALOR`) VALUES (53, 'explicabo', '832.97');
INSERT INTO `MATERIAIS` (`IDMATERIAL`, `NOME`, `VALOR`) VALUES (54, 'ut', '501.81');
INSERT INTO `MATERIAIS` (`IDMATERIAL`, `NOME`, `VALOR`) VALUES (55, 'quo', '351.52');
INSERT INTO `MATERIAIS` (`IDMATERIAL`, `NOME`, `VALOR`) VALUES (56, 'sequi', '717.23');
INSERT INTO `MATERIAIS` (`IDMATERIAL`, `NOME`, `VALOR`) VALUES (57, 'laboriosam', '613.51');
INSERT INTO `MATERIAIS` (`IDMATERIAL`, `NOME`, `VALOR`) VALUES (58, 'impedit', '549.53');
INSERT INTO `MATERIAIS` (`IDMATERIAL`, `NOME`, `VALOR`) VALUES (59, 'qui', '189.52');
INSERT INTO `MATERIAIS` (`IDMATERIAL`, `NOME`, `VALOR`) VALUES (60, 'et', '17.55');
INSERT INTO `MATERIAIS` (`IDMATERIAL`, `NOME`, `VALOR`) VALUES (61, 'ut', '386.75');
INSERT INTO `MATERIAIS` (`IDMATERIAL`, `NOME`, `VALOR`) VALUES (62, 'aperiam', '555.69');
INSERT INTO `MATERIAIS` (`IDMATERIAL`, `NOME`, `VALOR`) VALUES (63, 'repudiandae', '238.34');
INSERT INTO `MATERIAIS` (`IDMATERIAL`, `NOME`, `VALOR`) VALUES (64, 'dolores', '788.23');
INSERT INTO `MATERIAIS` (`IDMATERIAL`, `NOME`, `VALOR`) VALUES (65, 'possimus', '123.45');
INSERT INTO `MATERIAIS` (`IDMATERIAL`, `NOME`, `VALOR`) VALUES (66, 'et', '296.68');
INSERT INTO `MATERIAIS` (`IDMATERIAL`, `NOME`, `VALOR`) VALUES (67, 'ea', '904.64');
INSERT INTO `MATERIAIS` (`IDMATERIAL`, `NOME`, `VALOR`) VALUES (68, 'architecto', '367.83');
INSERT INTO `MATERIAIS` (`IDMATERIAL`, `NOME`, `VALOR`) VALUES (69, 'consequuntur', '302.14');
INSERT INTO `MATERIAIS` (`IDMATERIAL`, `NOME`, `VALOR`) VALUES (70, 'reiciendis', '498.03');
INSERT INTO `MATERIAIS` (`IDMATERIAL`, `NOME`, `VALOR`) VALUES (71, 'ducimus', '704.23');
INSERT INTO `MATERIAIS` (`IDMATERIAL`, `NOME`, `VALOR`) VALUES (72, 'est', '547.14');
INSERT INTO `MATERIAIS` (`IDMATERIAL`, `NOME`, `VALOR`) VALUES (73, 'assumenda', '260.34');
INSERT INTO `MATERIAIS` (`IDMATERIAL`, `NOME`, `VALOR`) VALUES (74, 'deleniti', '148.3');
INSERT INTO `MATERIAIS` (`IDMATERIAL`, `NOME`, `VALOR`) VALUES (75, 'ipsam', '709.48');
INSERT INTO `MATERIAIS` (`IDMATERIAL`, `NOME`, `VALOR`) VALUES (76, 'sed', '670.39');
INSERT INTO `MATERIAIS` (`IDMATERIAL`, `NOME`, `VALOR`) VALUES (77, 'corrupti', '995.9');
INSERT INTO `MATERIAIS` (`IDMATERIAL`, `NOME`, `VALOR`) VALUES (78, 'et', '262.91');
INSERT INTO `MATERIAIS` (`IDMATERIAL`, `NOME`, `VALOR`) VALUES (79, 'occaecati', '462.68');
INSERT INTO `MATERIAIS` (`IDMATERIAL`, `NOME`, `VALOR`) VALUES (80, 'recusandae', '618.78');
INSERT INTO `MATERIAIS` (`IDMATERIAL`, `NOME`, `VALOR`) VALUES (81, 'inventore', '432.65');
INSERT INTO `MATERIAIS` (`IDMATERIAL`, `NOME`, `VALOR`) VALUES (82, 'sapiente', '728.87');
INSERT INTO `MATERIAIS` (`IDMATERIAL`, `NOME`, `VALOR`) VALUES (83, 'sint', '831.92');
INSERT INTO `MATERIAIS` (`IDMATERIAL`, `NOME`, `VALOR`) VALUES (84, 'perspiciatis', '938.16');
INSERT INTO `MATERIAIS` (`IDMATERIAL`, `NOME`, `VALOR`) VALUES (85, 'nobis', '342.28');
INSERT INTO `MATERIAIS` (`IDMATERIAL`, `NOME`, `VALOR`) VALUES (86, 'voluptas', '720.3');
INSERT INTO `MATERIAIS` (`IDMATERIAL`, `NOME`, `VALOR`) VALUES (87, 'temporibus', '926.47');
INSERT INTO `MATERIAIS` (`IDMATERIAL`, `NOME`, `VALOR`) VALUES (88, 'autem', '49.93');
INSERT INTO `MATERIAIS` (`IDMATERIAL`, `NOME`, `VALOR`) VALUES (89, 'perferendis', '775.79');
INSERT INTO `MATERIAIS` (`IDMATERIAL`, `NOME`, `VALOR`) VALUES (90, 'et', '673.21');
INSERT INTO `MATERIAIS` (`IDMATERIAL`, `NOME`, `VALOR`) VALUES (91, 'qui', '704.36');
INSERT INTO `MATERIAIS` (`IDMATERIAL`, `NOME`, `VALOR`) VALUES (92, 'repellendus', '112.48');
INSERT INTO `MATERIAIS` (`IDMATERIAL`, `NOME`, `VALOR`) VALUES (93, 'ut', '399.18');
INSERT INTO `MATERIAIS` (`IDMATERIAL`, `NOME`, `VALOR`) VALUES (94, 'nam', '37.99');
INSERT INTO `MATERIAIS` (`IDMATERIAL`, `NOME`, `VALOR`) VALUES (95, 'aspernatur', '903.69');
INSERT INTO `MATERIAIS` (`IDMATERIAL`, `NOME`, `VALOR`) VALUES (96, 'delectus', '695.26');
INSERT INTO `MATERIAIS` (`IDMATERIAL`, `NOME`, `VALOR`) VALUES (97, 'soluta', '944.79');
INSERT INTO `MATERIAIS` (`IDMATERIAL`, `NOME`, `VALOR`) VALUES (98, 'est', '304.05');
INSERT INTO `MATERIAIS` (`IDMATERIAL`, `NOME`, `VALOR`) VALUES (99, 'voluptas', '629.26');
INSERT INTO `MATERIAIS` (`IDMATERIAL`, `NOME`, `VALOR`) VALUES (100, 'ipsum', '448.4');

INSERT INTO `SERVICO` (`IDSERVICO`, `IDMO`, `IDMATERIAL`, `VALOR`) VALUES (1, 17, 68, '882.14');
INSERT INTO `SERVICO` (`IDSERVICO`, `IDMO`, `IDMATERIAL`, `VALOR`) VALUES (2, 2, 80, '574.02');
INSERT INTO `SERVICO` (`IDSERVICO`, `IDMO`, `IDMATERIAL`, `VALOR`) VALUES (3, 2, 62, '391.88');
INSERT INTO `SERVICO` (`IDSERVICO`, `IDMO`, `IDMATERIAL`, `VALOR`) VALUES (4, 16, 66, '37.85');
INSERT INTO `SERVICO` (`IDSERVICO`, `IDMO`, `IDMATERIAL`, `VALOR`) VALUES (5, 20, 60, '745.32');
INSERT INTO `SERVICO` (`IDSERVICO`, `IDMO`, `IDMATERIAL`, `VALOR`) VALUES (6, 7, 38, '421.47');
INSERT INTO `SERVICO` (`IDSERVICO`, `IDMO`, `IDMATERIAL`, `VALOR`) VALUES (7, 7, 60, '969.4');
INSERT INTO `SERVICO` (`IDSERVICO`, `IDMO`, `IDMATERIAL`, `VALOR`) VALUES (8, 5, 50, '467.21');
INSERT INTO `SERVICO` (`IDSERVICO`, `IDMO`, `IDMATERIAL`, `VALOR`) VALUES (9, 20, 50, '193.5');
INSERT INTO `SERVICO` (`IDSERVICO`, `IDMO`, `IDMATERIAL`, `VALOR`) VALUES (10, 6, 96, '894.12');
INSERT INTO `SERVICO` (`IDSERVICO`, `IDMO`, `IDMATERIAL`, `VALOR`) VALUES (11, 13, 31, '433.36');
INSERT INTO `SERVICO` (`IDSERVICO`, `IDMO`, `IDMATERIAL`, `VALOR`) VALUES (12, 3, 54, '10.84');
INSERT INTO `SERVICO` (`IDSERVICO`, `IDMO`, `IDMATERIAL`, `VALOR`) VALUES (13, 2, 26, '325.66');
INSERT INTO `SERVICO` (`IDSERVICO`, `IDMO`, `IDMATERIAL`, `VALOR`) VALUES (14, 20, 9, '551.08');
INSERT INTO `SERVICO` (`IDSERVICO`, `IDMO`, `IDMATERIAL`, `VALOR`) VALUES (15, 6, 52, '325.45');
INSERT INTO `SERVICO` (`IDSERVICO`, `IDMO`, `IDMATERIAL`, `VALOR`) VALUES (16, 7, 69, '594.47');
INSERT INTO `SERVICO` (`IDSERVICO`, `IDMO`, `IDMATERIAL`, `VALOR`) VALUES (17, 2, 15, '280.73');
INSERT INTO `SERVICO` (`IDSERVICO`, `IDMO`, `IDMATERIAL`, `VALOR`) VALUES (18, 20, 49, '650.06');
INSERT INTO `SERVICO` (`IDSERVICO`, `IDMO`, `IDMATERIAL`, `VALOR`) VALUES (19, 10, 1, '82.99');
INSERT INTO `SERVICO` (`IDSERVICO`, `IDMO`, `IDMATERIAL`, `VALOR`) VALUES (20, 15, 39, '187.19');
INSERT INTO `SERVICO` (`IDSERVICO`, `IDMO`, `IDMATERIAL`, `VALOR`) VALUES (21, 13, 49, '227.92');
INSERT INTO `SERVICO` (`IDSERVICO`, `IDMO`, `IDMATERIAL`, `VALOR`) VALUES (22, 11, 37, '675.4');
INSERT INTO `SERVICO` (`IDSERVICO`, `IDMO`, `IDMATERIAL`, `VALOR`) VALUES (23, 11, 69, '309.92');
INSERT INTO `SERVICO` (`IDSERVICO`, `IDMO`, `IDMATERIAL`, `VALOR`) VALUES (24, 12, 94, '127.97');
INSERT INTO `SERVICO` (`IDSERVICO`, `IDMO`, `IDMATERIAL`, `VALOR`) VALUES (25, 5, 63, '392.73');
INSERT INTO `SERVICO` (`IDSERVICO`, `IDMO`, `IDMATERIAL`, `VALOR`) VALUES (26, 10, 35, '516.07');
INSERT INTO `SERVICO` (`IDSERVICO`, `IDMO`, `IDMATERIAL`, `VALOR`) VALUES (27, 5, 68, '437.76');
INSERT INTO `SERVICO` (`IDSERVICO`, `IDMO`, `IDMATERIAL`, `VALOR`) VALUES (28, 5, 90, '636.06');
INSERT INTO `SERVICO` (`IDSERVICO`, `IDMO`, `IDMATERIAL`, `VALOR`) VALUES (29, 1, 90, '837.03');
INSERT INTO `SERVICO` (`IDSERVICO`, `IDMO`, `IDMATERIAL`, `VALOR`) VALUES (30, 9, 91, '208.98');
INSERT INTO `SERVICO` (`IDSERVICO`, `IDMO`, `IDMATERIAL`, `VALOR`) VALUES (31, 8, 64, '0.42');
INSERT INTO `SERVICO` (`IDSERVICO`, `IDMO`, `IDMATERIAL`, `VALOR`) VALUES (32, 1, 64, '896.42');
INSERT INTO `SERVICO` (`IDSERVICO`, `IDMO`, `IDMATERIAL`, `VALOR`) VALUES (33, 10, 36, '891.89');
INSERT INTO `SERVICO` (`IDSERVICO`, `IDMO`, `IDMATERIAL`, `VALOR`) VALUES (34, 14, 64, '737.17');
INSERT INTO `SERVICO` (`IDSERVICO`, `IDMO`, `IDMATERIAL`, `VALOR`) VALUES (35, 14, 72, '825.44');
INSERT INTO `SERVICO` (`IDSERVICO`, `IDMO`, `IDMATERIAL`, `VALOR`) VALUES (36, 4, 13, '397.87');
INSERT INTO `SERVICO` (`IDSERVICO`, `IDMO`, `IDMATERIAL`, `VALOR`) VALUES (37, 16, 2, '485.15');
INSERT INTO `SERVICO` (`IDSERVICO`, `IDMO`, `IDMATERIAL`, `VALOR`) VALUES (38, 8, 86, '747.49');
INSERT INTO `SERVICO` (`IDSERVICO`, `IDMO`, `IDMATERIAL`, `VALOR`) VALUES (39, 4, 57, '113.16');
INSERT INTO `SERVICO` (`IDSERVICO`, `IDMO`, `IDMATERIAL`, `VALOR`) VALUES (40, 2, 94, '581.17');
INSERT INTO `SERVICO` (`IDSERVICO`, `IDMO`, `IDMATERIAL`, `VALOR`) VALUES (41, 14, 69, '557.1');
INSERT INTO `SERVICO` (`IDSERVICO`, `IDMO`, `IDMATERIAL`, `VALOR`) VALUES (42, 14, 93, '737.73');
INSERT INTO `SERVICO` (`IDSERVICO`, `IDMO`, `IDMATERIAL`, `VALOR`) VALUES (43, 7, 76, '954.14');
INSERT INTO `SERVICO` (`IDSERVICO`, `IDMO`, `IDMATERIAL`, `VALOR`) VALUES (44, 1, 47, '270.98');
INSERT INTO `SERVICO` (`IDSERVICO`, `IDMO`, `IDMATERIAL`, `VALOR`) VALUES (45, 1, 61, '915.63');
INSERT INTO `SERVICO` (`IDSERVICO`, `IDMO`, `IDMATERIAL`, `VALOR`) VALUES (46, 4, 64, '618.65');
INSERT INTO `SERVICO` (`IDSERVICO`, `IDMO`, `IDMATERIAL`, `VALOR`) VALUES (47, 18, 81, '629.88');
INSERT INTO `SERVICO` (`IDSERVICO`, `IDMO`, `IDMATERIAL`, `VALOR`) VALUES (48, 14, 51, '527.12');
INSERT INTO `SERVICO` (`IDSERVICO`, `IDMO`, `IDMATERIAL`, `VALOR`) VALUES (49, 16, 92, '22.31');
INSERT INTO `SERVICO` (`IDSERVICO`, `IDMO`, `IDMATERIAL`, `VALOR`) VALUES (50, 7, 23, '514.51');
INSERT INTO `SERVICO` (`IDSERVICO`, `IDMO`, `IDMATERIAL`, `VALOR`) VALUES (51, 3, 73, '134.06');
INSERT INTO `SERVICO` (`IDSERVICO`, `IDMO`, `IDMATERIAL`, `VALOR`) VALUES (52, 19, 76, '509.13');
INSERT INTO `SERVICO` (`IDSERVICO`, `IDMO`, `IDMATERIAL`, `VALOR`) VALUES (53, 13, 52, '473.48');
INSERT INTO `SERVICO` (`IDSERVICO`, `IDMO`, `IDMATERIAL`, `VALOR`) VALUES (54, 16, 53, '670.46');
INSERT INTO `SERVICO` (`IDSERVICO`, `IDMO`, `IDMATERIAL`, `VALOR`) VALUES (55, 8, 90, '558.88');
INSERT INTO `SERVICO` (`IDSERVICO`, `IDMO`, `IDMATERIAL`, `VALOR`) VALUES (56, 11, 95, '130.87');
INSERT INTO `SERVICO` (`IDSERVICO`, `IDMO`, `IDMATERIAL`, `VALOR`) VALUES (57, 6, 40, '379');
INSERT INTO `SERVICO` (`IDSERVICO`, `IDMO`, `IDMATERIAL`, `VALOR`) VALUES (58, 12, 25, '122.07');
INSERT INTO `SERVICO` (`IDSERVICO`, `IDMO`, `IDMATERIAL`, `VALOR`) VALUES (59, 1, 20, '11.46');
INSERT INTO `SERVICO` (`IDSERVICO`, `IDMO`, `IDMATERIAL`, `VALOR`) VALUES (60, 12, 55, '135.36');
INSERT INTO `SERVICO` (`IDSERVICO`, `IDMO`, `IDMATERIAL`, `VALOR`) VALUES (61, 15, 34, '554.42');
INSERT INTO `SERVICO` (`IDSERVICO`, `IDMO`, `IDMATERIAL`, `VALOR`) VALUES (62, 6, 33, '286.21');
INSERT INTO `SERVICO` (`IDSERVICO`, `IDMO`, `IDMATERIAL`, `VALOR`) VALUES (63, 8, 92, '435.39');
INSERT INTO `SERVICO` (`IDSERVICO`, `IDMO`, `IDMATERIAL`, `VALOR`) VALUES (64, 5, 33, '568.05');
INSERT INTO `SERVICO` (`IDSERVICO`, `IDMO`, `IDMATERIAL`, `VALOR`) VALUES (65, 16, 7, '216.13');
INSERT INTO `SERVICO` (`IDSERVICO`, `IDMO`, `IDMATERIAL`, `VALOR`) VALUES (66, 10, 51, '602.81');
INSERT INTO `SERVICO` (`IDSERVICO`, `IDMO`, `IDMATERIAL`, `VALOR`) VALUES (67, 4, 60, '527.15');
INSERT INTO `SERVICO` (`IDSERVICO`, `IDMO`, `IDMATERIAL`, `VALOR`) VALUES (68, 16, 98, '631.15');
INSERT INTO `SERVICO` (`IDSERVICO`, `IDMO`, `IDMATERIAL`, `VALOR`) VALUES (69, 16, 31, '233.54');
INSERT INTO `SERVICO` (`IDSERVICO`, `IDMO`, `IDMATERIAL`, `VALOR`) VALUES (70, 9, 13, '132.76');
INSERT INTO `SERVICO` (`IDSERVICO`, `IDMO`, `IDMATERIAL`, `VALOR`) VALUES (71, 5, 60, '561.52');
INSERT INTO `SERVICO` (`IDSERVICO`, `IDMO`, `IDMATERIAL`, `VALOR`) VALUES (72, 17, 55, '167.86');
INSERT INTO `SERVICO` (`IDSERVICO`, `IDMO`, `IDMATERIAL`, `VALOR`) VALUES (73, 10, 10, '445.56');
INSERT INTO `SERVICO` (`IDSERVICO`, `IDMO`, `IDMATERIAL`, `VALOR`) VALUES (74, 9, 56, '401.36');
INSERT INTO `SERVICO` (`IDSERVICO`, `IDMO`, `IDMATERIAL`, `VALOR`) VALUES (75, 7, 67, '137.51');
INSERT INTO `SERVICO` (`IDSERVICO`, `IDMO`, `IDMATERIAL`, `VALOR`) VALUES (76, 6, 64, '746.45');
INSERT INTO `SERVICO` (`IDSERVICO`, `IDMO`, `IDMATERIAL`, `VALOR`) VALUES (77, 10, 9, '886.72');
INSERT INTO `SERVICO` (`IDSERVICO`, `IDMO`, `IDMATERIAL`, `VALOR`) VALUES (78, 9, 77, '255.54');
INSERT INTO `SERVICO` (`IDSERVICO`, `IDMO`, `IDMATERIAL`, `VALOR`) VALUES (79, 2, 77, '972.69');
INSERT INTO `SERVICO` (`IDSERVICO`, `IDMO`, `IDMATERIAL`, `VALOR`) VALUES (80, 10, 32, '823.41');
INSERT INTO `SERVICO` (`IDSERVICO`, `IDMO`, `IDMATERIAL`, `VALOR`) VALUES (81, 11, 47, '81.2');
INSERT INTO `SERVICO` (`IDSERVICO`, `IDMO`, `IDMATERIAL`, `VALOR`) VALUES (82, 12, 59, '417.67');
INSERT INTO `SERVICO` (`IDSERVICO`, `IDMO`, `IDMATERIAL`, `VALOR`) VALUES (83, 19, 41, '578.38');
INSERT INTO `SERVICO` (`IDSERVICO`, `IDMO`, `IDMATERIAL`, `VALOR`) VALUES (84, 9, 82, '433.61');
INSERT INTO `SERVICO` (`IDSERVICO`, `IDMO`, `IDMATERIAL`, `VALOR`) VALUES (85, 3, 22, '725.67');
INSERT INTO `SERVICO` (`IDSERVICO`, `IDMO`, `IDMATERIAL`, `VALOR`) VALUES (86, 9, 25, '335.99');
INSERT INTO `SERVICO` (`IDSERVICO`, `IDMO`, `IDMATERIAL`, `VALOR`) VALUES (87, 8, 5, '127.13');
INSERT INTO `SERVICO` (`IDSERVICO`, `IDMO`, `IDMATERIAL`, `VALOR`) VALUES (88, 13, 38, '153.1');
INSERT INTO `SERVICO` (`IDSERVICO`, `IDMO`, `IDMATERIAL`, `VALOR`) VALUES (89, 4, 10, '713.84');
INSERT INTO `SERVICO` (`IDSERVICO`, `IDMO`, `IDMATERIAL`, `VALOR`) VALUES (90, 17, 76, '27.81');
INSERT INTO `SERVICO` (`IDSERVICO`, `IDMO`, `IDMATERIAL`, `VALOR`) VALUES (91, 1, 35, '487.04');
INSERT INTO `SERVICO` (`IDSERVICO`, `IDMO`, `IDMATERIAL`, `VALOR`) VALUES (92, 18, 25, '573.28');
INSERT INTO `SERVICO` (`IDSERVICO`, `IDMO`, `IDMATERIAL`, `VALOR`) VALUES (93, 2, 29, '882.71');
INSERT INTO `SERVICO` (`IDSERVICO`, `IDMO`, `IDMATERIAL`, `VALOR`) VALUES (94, 9, 30, '628.9');
INSERT INTO `SERVICO` (`IDSERVICO`, `IDMO`, `IDMATERIAL`, `VALOR`) VALUES (95, 10, 80, '219.27');
INSERT INTO `SERVICO` (`IDSERVICO`, `IDMO`, `IDMATERIAL`, `VALOR`) VALUES (96, 5, 77, '840.38');
INSERT INTO `SERVICO` (`IDSERVICO`, `IDMO`, `IDMATERIAL`, `VALOR`) VALUES (97, 11, 57, '959.48');
INSERT INTO `SERVICO` (`IDSERVICO`, `IDMO`, `IDMATERIAL`, `VALOR`) VALUES (98, 12, 12, '463.41');
INSERT INTO `SERVICO` (`IDSERVICO`, `IDMO`, `IDMATERIAL`, `VALOR`) VALUES (99, 1, 61, '864.4');
INSERT INTO `SERVICO` (`IDSERVICO`, `IDMO`, `IDMATERIAL`, `VALOR`) VALUES (100, 12, 97, '518.58');

INSERT INTO `SERVICOSOS` (`NROOS`, `IDSERVICO`) VALUES (1, 7);
INSERT INTO `SERVICOSOS` (`NROOS`, `IDSERVICO`) VALUES (1, 70);
INSERT INTO `SERVICOSOS` (`NROOS`, `IDSERVICO`) VALUES (3, 81);
INSERT INTO `SERVICOSOS` (`NROOS`, `IDSERVICO`) VALUES (4, 15);
INSERT INTO `SERVICOSOS` (`NROOS`, `IDSERVICO`) VALUES (4, 33);
INSERT INTO `SERVICOSOS` (`NROOS`, `IDSERVICO`) VALUES (4, 53);
INSERT INTO `SERVICOSOS` (`NROOS`, `IDSERVICO`) VALUES (5, 23);
INSERT INTO `SERVICOSOS` (`NROOS`, `IDSERVICO`) VALUES (6, 12);
INSERT INTO `SERVICOSOS` (`NROOS`, `IDSERVICO`) VALUES (6, 41);
INSERT INTO `SERVICOSOS` (`NROOS`, `IDSERVICO`) VALUES (6, 67);
INSERT INTO `SERVICOSOS` (`NROOS`, `IDSERVICO`) VALUES (7, 65);
INSERT INTO `SERVICOSOS` (`NROOS`, `IDSERVICO`) VALUES (7, 89);
INSERT INTO `SERVICOSOS` (`NROOS`, `IDSERVICO`) VALUES (8, 37);
INSERT INTO `SERVICOSOS` (`NROOS`, `IDSERVICO`) VALUES (8, 90);
INSERT INTO `SERVICOSOS` (`NROOS`, `IDSERVICO`) VALUES (9, 14);
INSERT INTO `SERVICOSOS` (`NROOS`, `IDSERVICO`) VALUES (9, 27);
INSERT INTO `SERVICOSOS` (`NROOS`, `IDSERVICO`) VALUES (10, 3);
INSERT INTO `SERVICOSOS` (`NROOS`, `IDSERVICO`) VALUES (10, 21);
INSERT INTO `SERVICOSOS` (`NROOS`, `IDSERVICO`) VALUES (12, 76);
INSERT INTO `SERVICOSOS` (`NROOS`, `IDSERVICO`) VALUES (13, 76);
INSERT INTO `SERVICOSOS` (`NROOS`, `IDSERVICO`) VALUES (13, 97);
INSERT INTO `SERVICOSOS` (`NROOS`, `IDSERVICO`) VALUES (14, 14);
INSERT INTO `SERVICOSOS` (`NROOS`, `IDSERVICO`) VALUES (14, 17);
INSERT INTO `SERVICOSOS` (`NROOS`, `IDSERVICO`) VALUES (14, 19);
INSERT INTO `SERVICOSOS` (`NROOS`, `IDSERVICO`) VALUES (14, 36);
INSERT INTO `SERVICOSOS` (`NROOS`, `IDSERVICO`) VALUES (15, 65);
INSERT INTO `SERVICOSOS` (`NROOS`, `IDSERVICO`) VALUES (16, 84);
INSERT INTO `SERVICOSOS` (`NROOS`, `IDSERVICO`) VALUES (17, 72);
INSERT INTO `SERVICOSOS` (`NROOS`, `IDSERVICO`) VALUES (18, 45);
INSERT INTO `SERVICOSOS` (`NROOS`, `IDSERVICO`) VALUES (19, 19);
INSERT INTO `SERVICOSOS` (`NROOS`, `IDSERVICO`) VALUES (19, 46);
INSERT INTO `SERVICOSOS` (`NROOS`, `IDSERVICO`) VALUES (19, 52);
INSERT INTO `SERVICOSOS` (`NROOS`, `IDSERVICO`) VALUES (19, 65);
INSERT INTO `SERVICOSOS` (`NROOS`, `IDSERVICO`) VALUES (19, 96);
INSERT INTO `SERVICOSOS` (`NROOS`, `IDSERVICO`) VALUES (20, 93);
INSERT INTO `SERVICOSOS` (`NROOS`, `IDSERVICO`) VALUES (21, 78);
INSERT INTO `SERVICOSOS` (`NROOS`, `IDSERVICO`) VALUES (22, 77);
INSERT INTO `SERVICOSOS` (`NROOS`, `IDSERVICO`) VALUES (23, 6);
INSERT INTO `SERVICOSOS` (`NROOS`, `IDSERVICO`) VALUES (23, 9);
INSERT INTO `SERVICOSOS` (`NROOS`, `IDSERVICO`) VALUES (26, 37);
INSERT INTO `SERVICOSOS` (`NROOS`, `IDSERVICO`) VALUES (26, 43);
INSERT INTO `SERVICOSOS` (`NROOS`, `IDSERVICO`) VALUES (27, 67);
INSERT INTO `SERVICOSOS` (`NROOS`, `IDSERVICO`) VALUES (28, 53);
INSERT INTO `SERVICOSOS` (`NROOS`, `IDSERVICO`) VALUES (29, 22);
INSERT INTO `SERVICOSOS` (`NROOS`, `IDSERVICO`) VALUES (29, 67);
INSERT INTO `SERVICOSOS` (`NROOS`, `IDSERVICO`) VALUES (30, 1);
INSERT INTO `SERVICOSOS` (`NROOS`, `IDSERVICO`) VALUES (30, 14);
INSERT INTO `SERVICOSOS` (`NROOS`, `IDSERVICO`) VALUES (30, 53);
INSERT INTO `SERVICOSOS` (`NROOS`, `IDSERVICO`) VALUES (30, 87);